{
  "/order-goride" : {
    "transaction" : "/order-goride",
    "sampleCount" : 20,
    "errorCount" : 0,
    "errorPct" : 0.0,
    "meanResTime" : 751.1000000000001,
    "medianResTime" : 795.0,
    "minResTime" : 310.0,
    "maxResTime" : 1455.0,
    "pct1ResTime" : 1179.7,
    "pct2ResTime" : 1441.35,
    "pct3ResTime" : 1455.0,
    "throughput" : 0.20511768627249885,
    "receivedKBytesPerSec" : 3.8376838046766832,
    "sentKBytesPerSec" : 0.035855533049587204
  },
  "/payment-methods-gocar" : {
    "transaction" : "/payment-methods-gocar",
    "sampleCount" : 15,
    "errorCount" : 0,
    "errorPct" : 0.0,
    "meanResTime" : 342.3333333333333,
    "medianResTime" : 335.0,
    "minResTime" : 319.0,
    "maxResTime" : 405.0,
    "pct1ResTime" : 379.8,
    "pct2ResTime" : 405.0,
    "pct3ResTime" : 405.0,
    "throughput" : 0.1634325187130234,
    "receivedKBytesPerSec" : 3.057784120624094,
    "sentKBytesPerSec" : 0.028568770360967954
  },
  "/order-gocar" : {
    "transaction" : "/order-gocar",
    "sampleCount" : 15,
    "errorCount" : 0,
    "errorPct" : 0.0,
    "meanResTime" : 338.26666666666665,
    "medianResTime" : 333.0,
    "minResTime" : 310.0,
    "maxResTime" : 393.0,
    "pct1ResTime" : 370.8,
    "pct2ResTime" : 393.0,
    "pct3ResTime" : 393.0,
    "throughput" : 0.16340047277203457,
    "receivedKBytesPerSec" : 3.0575462423337942,
    "sentKBytesPerSec" : 0.028563168580267757
  },
  "/discovery-topup" : {
    "transaction" : "/discovery-topup",
    "sampleCount" : 50,
    "errorCount" : 0,
    "errorPct" : 0.0,
    "meanResTime" : 1176.2199999999998,
    "medianResTime" : 1131.0,
    "minResTime" : 1083.0,
    "maxResTime" : 2267.0,
    "pct1ResTime" : 1201.0,
    "pct2ResTime" : 1574.5499999999984,
    "pct3ResTime" : 2267.0,
    "throughput" : 0.5048720149442116,
    "receivedKBytesPerSec" : 9.44662871712021,
    "sentKBytesPerSec" : 0.08825399479981826
  },
  "/topup-instant" : {
    "transaction" : "/topup-instant",
    "sampleCount" : 15,
    "errorCount" : 0,
    "errorPct" : 0.0,
    "meanResTime" : 871.6,
    "medianResTime" : 1102.0,
    "minResTime" : 317.0,
    "maxResTime" : 1278.0,
    "pct1ResTime" : 1208.4,
    "pct2ResTime" : 1278.0,
    "pct3ResTime" : 1278.0,
    "throughput" : 0.16332574775971515,
    "receivedKBytesPerSec" : 3.0559991248462017,
    "sentKBytesPerSec" : 0.028550106297840834
  },
  "/set-pickup-location-gocar" : {
    "transaction" : "/set-pickup-location-gocar",
    "sampleCount" : 15,
    "errorCount" : 0,
    "errorPct" : 0.0,
    "meanResTime" : 340.0,
    "medianResTime" : 337.0,
    "minResTime" : 309.0,
    "maxResTime" : 405.0,
    "pct1ResTime" : 387.0,
    "pct2ResTime" : 405.0,
    "pct3ResTime" : 405.0,
    "throughput" : 0.1634823929462797,
    "receivedKBytesPerSec" : 3.059079130927599,
    "sentKBytesPerSec" : 0.028577488610726624
  },
  "/discovery-gocar" : {
    "transaction" : "/discovery-gocar",
    "sampleCount" : 50,
    "errorCount" : 0,
    "errorPct" : 0.0,
    "meanResTime" : 362.78000000000003,
    "medianResTime" : 338.0,
    "minResTime" : 310.0,
    "maxResTime" : 1095.0,
    "pct1ResTime" : 391.4,
    "pct2ResTime" : 477.19999999999936,
    "pct3ResTime" : 1095.0,
    "throughput" : 0.5148429214246734,
    "receivedKBytesPerSec" : 9.632831726165346,
    "sentKBytesPerSec" : 0.08999695599122708
  },
  "/discovery-promos" : {
    "transaction" : "/discovery-promos",
    "sampleCount" : 50,
    "errorCount" : 0,
    "errorPct" : 0.0,
    "meanResTime" : 341.21999999999997,
    "medianResTime" : 329.0,
    "minResTime" : 308.0,
    "maxResTime" : 587.0,
    "pct1ResTime" : 354.9,
    "pct2ResTime" : 506.94999999999993,
    "pct3ResTime" : 587.0,
    "throughput" : 0.5148800329523221,
    "receivedKBytesPerSec" : 9.633505979044383,
    "sentKBytesPerSec" : 0.09000344326022038
  },
  "/payment-methods-goride" : {
    "transaction" : "/payment-methods-goride",
    "sampleCount" : 20,
    "errorCount" : 0,
    "errorPct" : 0.0,
    "meanResTime" : 339.34999999999997,
    "medianResTime" : 330.0,
    "minResTime" : 310.0,
    "maxResTime" : 485.0,
    "pct1ResTime" : 365.20000000000005,
    "pct2ResTime" : 479.0499999999999,
    "pct3ResTime" : 485.0,
    "throughput" : 0.20752915784667747,
    "receivedKBytesPerSec" : 3.8831563012337607,
    "sentKBytesPerSec" : 0.036277069584526624
  },
  "/voucher-goride" : {
    "transaction" : "/voucher-goride",
    "sampleCount" : 20,
    "errorCount" : 0,
    "errorPct" : 0.0,
    "meanResTime" : 352.2000000000001,
    "medianResTime" : 332.5,
    "minResTime" : 312.0,
    "maxResTime" : 602.0,
    "pct1ResTime" : 411.70000000000005,
    "pct2ResTime" : 592.5499999999998,
    "pct3ResTime" : 602.0,
    "throughput" : 0.20739788246762,
    "receivedKBytesPerSec" : 3.8806493238829027,
    "sentKBytesPerSec" : 0.03625412203291404
  },
  "Total" : {
    "transaction" : "Total",
    "sampleCount" : 370,
    "errorCount" : 0,
    "errorPct" : 0.0,
    "meanResTime" : 505.19459459459426,
    "medianResTime" : 338.0,
    "minResTime" : 302.0,
    "maxResTime" : 2267.0,
    "pct1ResTime" : 1130.0,
    "pct2ResTime" : 1152.35,
    "pct3ResTime" : 1553.310000000007,
    "throughput" : 3.6981878879349117,
    "receivedKBytesPerSec" : 69.19540089418685,
    "sentKBytesPerSec" : 0.6464605780667473
  },
  "/discovery-goride" : {
    "transaction" : "/discovery-goride",
    "sampleCount" : 50,
    "errorCount" : 0,
    "errorPct" : 0.0,
    "meanResTime" : 379.70000000000005,
    "medianResTime" : 332.0,
    "minResTime" : 312.0,
    "maxResTime" : 1963.0,
    "pct1ResTime" : 392.79999999999995,
    "pct2ResTime" : 587.0999999999988,
    "pct3ResTime" : 1963.0,
    "throughput" : 0.5147581151616856,
    "receivedKBytesPerSec" : 9.631747674580215,
    "sentKBytesPerSec" : 0.08998213145892746
  },
  "/set-pickup-location-goride" : {
    "transaction" : "/set-pickup-location-goride",
    "sampleCount" : 20,
    "errorCount" : 0,
    "errorPct" : 0.0,
    "meanResTime" : 332.0,
    "medianResTime" : 330.0,
    "minResTime" : 302.0,
    "maxResTime" : 363.0,
    "pct1ResTime" : 355.5,
    "pct2ResTime" : 362.65,
    "pct3ResTime" : 363.0,
    "throughput" : 0.2074430568808862,
    "receivedKBytesPerSec" : 3.881261620052483,
    "sentKBytesPerSec" : 0.036262018732108034
  },
  "/topup-other-methods" : {
    "transaction" : "/topup-other-methods",
    "sampleCount" : 15,
    "errorCount" : 0,
    "errorPct" : 0.0,
    "meanResTime" : 334.06666666666666,
    "medianResTime" : 329.0,
    "minResTime" : 314.0,
    "maxResTime" : 364.0,
    "pct1ResTime" : 359.8,
    "pct2ResTime" : 364.0,
    "pct3ResTime" : 364.0,
    "throughput" : 0.16334709078831305,
    "receivedKBytesPerSec" : 3.056185784174934,
    "sentKBytesPerSec" : 0.028553837159285195
  },
  "/voucher-gocar" : {
    "transaction" : "/voucher-gocar",
    "sampleCount" : 15,
    "errorCount" : 0,
    "errorPct" : 0.0,
    "meanResTime" : 335.93333333333334,
    "medianResTime" : 333.0,
    "minResTime" : 307.0,
    "maxResTime" : 392.0,
    "pct1ResTime" : 374.0,
    "pct2ResTime" : 392.0,
    "pct3ResTime" : 392.0,
    "throughput" : 0.16350734147963242,
    "receivedKBytesPerSec" : 3.059109521986287,
    "sentKBytesPerSec" : 0.028581849731302934
  }
}